{
  "model": "random_forest",
  "cv_r2_mean": 0.9905594708561679,
  "cv_r2_std": 0.0014282907712017334,
  "test_r2": 0.990995364236902,
  "test_mae": 0.1202062576801275,
  "test_rmse": 0.18318714806079667,
  "features": [
    "Fertilizer",
    "temp",
    "N",
    "P",
    "K"
  ]
}